{
  "name": "profile-avatar",
  "width": 358.0,
  "height": 200.0,
  "bones": [
    {
      "x": 0.0,
      "y": 0.0,
      "w": 55.865921787709496,
      "h": 200.0,
      "r": 8.0,
      "c": true
    },
    {
      "x": 0.0,
      "y": 0.0,
      "w": 55.865921787709496,
      "h": 200.0,
      "r": 8.0
    },
    {
      "x": 88.8268156424581,
      "y": 160.0,
      "w": 11.1731843575419,
      "h": 40.0,
      "r": 8.0,
      "c": true
    },
    {
      "x": 91.06145251396647,
      "y": 168.0,
      "w": 6.70391061452514,
      "h": 24.0,
      "r": 8.0
    }
  ]
}